{"cameraMode":{"drawMode":0,"name":"Shaded","section":"Shading Mode"},"sceneLighting":false,"audioPlay":false,"sceneViewState":{"m_AlwaysRefresh":false,"showFog":true,"showSkybox":false,"showFlares":true,"showImageEffects":true,"showParticleSystems":true,"showVisualEffectGraphs":true,"m_FxEnabled":true},"in2DMode":false,"pivot":{"x":1.4901161193847657e-7,"y":3.061300277709961,"z":-22.690000534057618},"rotation":{"x":-0.18637385964393617,"y":0.7296436429023743,"z":-0.21762534976005555,"w":-0.6209065914154053},"size":2.0206942558288576,"orthographic":false}